<graphics_settings.xml>
  <flora>
    <option>
      <label>MAX</label>
      <value>6.0</value>
    </option>
    <option>
      <label>	HIGH	</label>
      <value>2.0</value>
    </option>
    <option>
      <label>MEDIUM</label>
      <value>1.0</value>
    </option>
    <option>
      <label>LOW</label>
      <value>0.5</value>
    </option>
    <option>
      <label>OFF</label>
      <value>	0	</value>
    </option>
  </flora>
  <farPlane>
    <option>
      <label>MAX</label>
      <value>1.0</value>
    </option>
    <option>
      <label>	HIGH	</label>
      <value>0.8</value>
    </option>
    <option>
      <label>MEDIUM</label>
      <value>0.6</value>
    </option>
    <option>
      <label>LOW</label>
      <value>0.6</value>
    </option>
  </farPlane>
  <objectLOD>
    <option>
      <label>MAX</label>
      <value>1.0</value>
    </option>
    <option>
      <label>	HIGH	</label>
      <value>0.8</value>
    </option>
    <option>
      <label>MEDIUM</label>
      <value>0.6</value>
    </option>
    <option>
      <label>LOW</label>
      <value>0.3</value>
    </option>
  </objectLOD>
  <PS_settings>
    <option>
      <label>	HIGH	</label>
      <LOD_OFFSET>0.0</LOD_OFFSET>
      <LOD_MULT>1.0</LOD_MULT>
      <TIME_MULT>1.0</TIME_MULT>
      <LOD_SNIPER_OFFSET>60.0</LOD_SNIPER_OFFSET>
      <LOD_SNIPER_MULT>1.0</LOD_SNIPER_MULT>
      <TIME_SNIPER_MULT>1.0</TIME_SNIPER_MULT>
    </option>
    <option>
      <label>MEDIUM</label>
      <LOD_OFFSET>60.0</LOD_OFFSET>
      <LOD_MULT>1.1</LOD_MULT>
      <TIME_MULT>1.0</TIME_MULT>
      <LOD_SNIPER_OFFSET>80.0</LOD_SNIPER_OFFSET>
      <LOD_SNIPER_MULT>1.1</LOD_SNIPER_MULT>
      <TIME_SNIPER_MULT>1.5</TIME_SNIPER_MULT>
    </option>
    <option>
      <label>LOW</label>
      <LOD_OFFSET>120.0</LOD_OFFSET>
      <LOD_MULT>1.3</LOD_MULT>
      <TIME_MULT>1.0</TIME_MULT>
      <LOD_SNIPER_OFFSET>120.0</LOD_SNIPER_OFFSET>
      <LOD_SNIPER_MULT>1.3</LOD_SNIPER_MULT>
      <TIME_SNIPER_MULT>2.2</TIME_SNIPER_MULT>
    </option>
  </PS_settings>
</graphics_settings.xml>