<terrain2.xml>
  <texturedEffect>shaders/terrain/terrain2.fx</texturedEffect>
  <lodTextureEffect>shaders/terrain/terrain2_lod_texture.fx</lodTextureEffect>
  <zPassEffect>shaders/terrain/terrain2_z_pass.fx</zPassEffect>
  <shadowCastEffect>shaders/terrain/terrain2_shadow_cast.fx</shadowCastEffect>
  <version>	200	</version>
  <heightMapUnits>	0.010000	</heightMapUnits>
  <heightMapSize>	128	</heightMapSize>
  <normalMapSize>	128	</normalMapSize>
  <holeMapSize>	25	</holeMapSize>
  <shadowMapSize>	32	</shadowMapSize>
  <blendMapSize>	128	</blendMapSize>
  <lodMapSize>	128	</lodMapSize>
  <aoMapSize>	16	</aoMapSize>
  <lodInfo>
    <enabled>	true	</enabled>
    <startBias>0.8</startBias>
    <endBias>0.99</endBias>
    <startLod>	0	</startLod>
    <lodDistances>
      <distance0>50.0</distance0>
      <distance1>150.0</distance1>
      <distance2>312.0</distance2>
      <distance3>875.0</distance3>
      <distance4>1375.0</distance4>
      <distance5>2125.0</distance5>
      <distance6>2875.0</distance6>
      <distance7>3625.0</distance7>
      <distance8>7375.0</distance8>
    </lodDistances>
    <lodTextureStart>100.0</lodTextureStart>
    <lodTextureDistance>200.0</lodTextureDistance>
    <blendPreloadDistance>100.0</blendPreloadDistance>
    <lodNormalStart>300.0</lodNormalStart>
    <lodNormalDistance>300.0</lodNormalDistance>
    <normalPreloadDistance>100.0</normalPreloadDistance>
    <bumpFadingStart>25.0</bumpFadingStart>
    <bumpFadingDistance>50.0</bumpFadingDistance>
    <defaultHeightMapLod>	2	</defaultHeightMapLod>
    <detailHeightMapDistance>700.0</detailHeightMapDistance>
    <server>
      <heightMapLod>	0	</heightMapLod>
    </server>
  </lodInfo>
  <lodOptions>
    <option>
      <label>Far</label>
      <value>1.0</value>
    </option>
    <option>
      <label>Medium</label>
      <value>0.75</value>
    </option>
    <option>
      <label>	Near	</label>
      <value>0.3</value>
    </option>
  </lodOptions>
</terrain2.xml>